State,Year,Population,number,rate,,,,,,,,,,,,,,,,,,
UnitedStatesTotal,2007,"301,621,157","1,408,337",466.9,,,,,,,,,,,,,,,,,, 
UnitedStatesTotal,2008,"304,059,724","1,382,012",454.5,,,,,,,,,,,,,,,,,,
UnitedStatesTotal,2009,"307,006,550","1,325,896",431.9,,,,,,,,,,,,,,,,,,
UnitedStatesTotal,2010,"308,745,538","1,246,248",403.6,,,,,,,,,,,,,,,,,,
UnitedStatesTotal,2011,"311,587,816","1,206,031",387.1,,,,,,,,,,,,,,,,,,
UnitedStatesTotal,2012,"313,914,040","1,214,464",386.9,,,,,,,,,,,,,,,,,, 
UnitedStatesTotal,2013,"316,497,531","1,199,684",379.1,,,,,,,,,,,,,,,,,,
UnitedStatesTotal,2014,"318,857,056","1,197,987",375.7,,,,,,,,,,,,,,,,,,
UnitedStatesTotal,2015,"320,896,618","1,234,183",384.6,,,,,,,,,,,,,,,,,,
UnitedStatesTotal,2016,"323,127,513","1,283,058",397.1,,,,,,,,,,,,,,,,,,
UnitedStatesTotal,2017,"325,147,121","1,283,875",394.9,,,,,,,,,,,,,,,,,,
UnitedStatesTotal,2018,"327,167,434","1,245,065",380.6,,,,,,,,,,,,,,,,,,
Connecticut,2007,"3,502,309","8,965",256,,,,,,,,,,,,,,,,,,
Connecticut,2008,"3,501,252","10,427",297.8,,,,,,,,,,,,,,,,,,
Connecticut,2009,"3,518,288","10,588",300.9,,,,,,,,,,,,,,,,,,
Connecticut,2010,"3,574,097","10,057",281.4,,,,,,,,,,,,,,,,,,
Connecticut,2011,"3,586,717","9,889",275.7,,,,,,,,,,,,,,,,,,
Connecticut,2012,"3,590,347","10,160",283,,,,,,,,,,,,,,,,,,
Connecticut,2013,"3,599,341","9,439",262.2,,,,,,,,,,,,,,,,,,
Connecticut,2014,"3,596,677","8,522",236.9,,,,,,,,,,,,,,,,,,
Connecticut,2015,"3,584,730","7,938",221.4,,,,,,,,,,,,,,,,,,
Connecticut,2016,"3,576,452","8,123",227.1,,,,,,,,,,,,,,,,,,
Connecticut,2017,"3,573,880","8,190",229.2,,,,,,,,,,,,,,,,,,
Connecticut,2018,"3,572,665","7,411",207.4,,,,,,,,,,,,,,,,,,
Maine,2007,"1,317,207","1,554",118,,,,,,,,,,,,,,,,,,
Maine,2008,"1,316,456","1,547",117.5,,,,,,,,,,,,,,,,,,
Maine,2009,"1,318,301","1,580",119.9,,,,,,,,,,,,,,,,,,
Maine,2010,"1,328,361","1,621",122,,,,,,,,,,,,,,,,,,
Maine,2011,"1,328,544","1,638",123.3,,,,,,,,,,,,,,,,,,
Maine,2012,"1,329,192","1,631",122.7,,,,,,,,,,,,,,,,,,
Maine,2013,"1,328,702","1,761",132.5,,,,,,,,,,,,,,,,,,
Maine,2014,"1,330,089","1,700",127.8,,,,,,,,,,,,,,,,,,
Maine,2015,"1,329,453","1,726",129.8,,,,,,,,,,,,,,,,,,
Maine,2016,"1,331,479","1,648",123.8,,,,,,,,,,,,,,,,,,
Maine,2017,"1,335,063","1,610",120.6,,,,,,,,,,,,,,,,,,
Maine,2018,"1,338,404","1,501",112.1,,,,,,,,,,,,,,,,,,
Massachusetts,2007,"6,449,755","27,832",431.5,,,,,,,,,,,,,,,,,,
Massachusetts,2008,"6,497,967","29,174",449,,,,,,,,,,,,,,,,,,
Massachusetts,2009,"6,593,587","30,503",462.6,,,,,,,,,,,,,,,,,,
Massachusetts,2010,"6,547,629","30,553",466.6,,,,,,,,,,,,,,,,,,
Massachusetts,2011,"6,607,003","28,232",427.3,,,,,,,,,,,,,,,,,,
Massachusetts,2012,"6,646,144","26,953",405.5,,,,,,,,,,,,,,,,,,
Massachusetts,2013,"6,708,874","27,264",406.4,,,,,,,,,,,,,,,,,,
Massachusetts,2014,"6,745,408","26,399",391.4,,,,,,,,,,,,,,,,,,
Massachusetts,2015,"6,784,240","26,453",389.9,,,,,,,,,,,,,,,,,,
Massachusetts,2016,"6,811,779","25,677",376.9,,,,,,,,,,,,,,,,,,
Massachusetts,2017,"6,863,246","24,318",354.3,,,,,,,,,,,,,,,,,,
Massachusetts,2018,"6,902,149","23,337",338.1,,,,,,,,,,,,,,,,,,
NewHampshire,2007,"1,315,828","1,807",137.3,,,,,,,,,,,,,,,,,,
NewHampshire,2008,"1,315,809","2,069",157.2,,,,,,,,,,,,,,,,,,
NewHampshire,2009,"1,324,575","2,125",160.4,,,,,,,,,,,,,,,,,,
NewHampshire,2010,"1,316,470","2,198",167,,,,,,,,,,,,,,,,,,
NewHampshire,2011,"1,317,807","2,864",217.3,,,,,,,,,,,,,,,,,,
NewHampshire,2012,"1,320,718","2,481",187.9,,,,,,,,,,,,,,,,,,
NewHampshire,2013,"1,322,616","2,952",223.2,,,,,,,,,,,,,,,,,,
NewHampshire,2014,"1,326,813","2,602",196.1,,,,,,,,,,,,,,,,,,
NewHampshire,2015,"1,330,111","2,692",202.4,,,,,,,,,,,,,,,,,,
NewHampshire,2016,"1,334,795","2,637",197.6,,,,,,,,,,,,,,,,,,
NewHampshire,2017,"1,349,767","2,642",195.7,,,,,,,,,,,,,,,,,,
NewHampshire,2018,"1,356,458","2,349",173.2,,,,,,,,,,,,,,,,,,
RhodeIsland,2007,"1,057,832","2,404",227.3,,,,,,,,,,,,,,,,,,
RhodeIsland,2008,"1,050,788","2,621",249.4,,,,,,,,,,,,,,,,,,
RhodeIsland,2009,"1,053,209","2,678",254.3,,,,,,,,,,,,,,,,,,
RhodeIsland,2010,"1,052,567","2,701",256.6,,,,,,,,,,,,,,,,,,
RhodeIsland,2011,"1,050,646","2,586",246.1,,,,,,,,,,,,,,,,,,
RhodeIsland,2012,"1,050,292","2,651",252.4,,,,,,,,,,,,,,,,,,
RhodeIsland,2013,"1,053,354","2,710",257.3,,,,,,,,,,,,,,,,,,
RhodeIsland,2014,"1,055,173","2,313",219.2,,,,,,,,,,,,,,,,,,
RhodeIsland,2015,"1,055,607","2,565",243,,,,,,,,,,,,,,,,,,
RhodeIsland,2016,"1,056,426","2,524",238.9,,,,,,,,,,,,,,,,,,
RhodeIsland,2017,"1,056,486","2,474",234.2,,,,,,,,,,,,,,,,,,
RhodeIsland,2018,"1,057,315","2,317",219.1,,,,,,,,,,,,,,,,,,
Vermont,2007,"621,254",772,124.3,,,,,,,,,,,,,,,,,,
Vermont,2008,"621,270",844,135.9,,,,,,,,,,,,,,,,,,
Vermont,2009,"621,760",837,134.6,,,,,,,,,,,,,,,,,,
Vermont,2010,"625,741",815,130.2,,,,,,,,,,,,,,,,,,
Vermont,2011,"626,592",925,147.6,,,,,,,,,,,,,,,,,,
Vermont,2012,"626,011",893,142.6,,,,,,,,,,,,,,,,,,
Vermont,2013,"626,855",775,123.6,,,,,,,,,,,,,,,,,,
Vermont,2014,"626,562",622,99.3,,,,,,,,,,,,,,,,,,
Vermont,2015,"626,088",747,119.3,,,,,,,,,,,,,,,,,,
Vermont,2016,"624,594",989,158.3,,,,,,,,,,,,,,,,,,
Vermont,2017,"624,525","1,082",173.3,,,,,,,,,,,,,,,,,,
Vermont,2018,"626,299","1,077",172,,,,,,,,,,,,,,,,,,
NewJersey,2007,"8,685,920","28,601",329.3,,,,,,,,,,,,,,,,,,
NewJersey,2008,"8,682,661","28,351",326.5,,,,,,,,,,,,,,,,,,
NewJersey,2009,"8,707,739","27,113",311.4,,,,,,,,,,,,,,,,,,
NewJersey,2010,"8,791,894","27,055",307.7,,,,,,,,,,,,,,,,,,
NewJersey,2011,"8,834,773","27,203",307.9,,,,,,,,,,,,,,,,,,
NewJersey,2012,"8,864,590","25,727",290.2,,,,,,,,,,,,,,,,,,
NewJersey,2013,"8,911,502","25,748",288.9,,,,,,,,,,,,,,,,,,
NewJersey,2014,"8,938,175","23,346",261.2,,,,,,,,,,,,,,,,,,
NewJersey,2015,"8,935,421","22,879",256,,,,,,,,,,,,,,,,,,
NewJersey,2016,"8,944,469","21,914",245,,,,,,,,,,,,,,,,,,
NewJersey,2017,"8,888,543","20,604",231.8,,,,,,,,,,,,,,,,,,
NewJersey,2018,"8,908,520","18,537",208.1,,,,,,,,,,,,,,,,,,
NewYork,2007,"19,297,729","79,915",414.1,,,,,,,,,,,,,,,,,,
NewYork,2008,"19,490,297","77,585",398.1,,,,,,,,,,,,,,,,,,
NewYork,2009,"19,541,453","75,110",384.4,,,,,,,,,,,,,,,,,,
NewYork,2010,"19,378,102","75,977",392.1,,,,,,,,,,,,,,,,,,
NewYork,2011,"19,501,616","77,463",397.2,,,,,,,,,,,,,,,,,,
NewYork,2012,"19,570,261","79,610",406.8,,,,,,,,,,,,,,,,,,
NewYork,2013,"19,695,680","77,563",393.8,,,,,,,,,,,,,,,,,,
NewYork,2014,"19,746,227","75,398",381.8,,,,,,,,,,,,,,,,,,
NewYork,2015,"19,747,183","75,126",380.4,,,,,,,,,,,,,,,,,,
NewYork,2016,"19,745,289","74,285",376.2,,,,,,,,,,,,,,,,,,
NewYork,2017,"19,590,719","70,746",361.1,,,,,,,,,,,,,,,,,,
NewYork,2018,"19,542,209","68,495",350.5,,,,,,,,,,,,,,,,,,
Pennsylvania,2007,"12,432,792","51,782",416.5,,,,,,,,,,,,,,,,,,
Pennsylvania,2008,"12,448,279","51,036",410,,,,,,,,,,,,,,,,,,
Pennsylvania,2009,"12,604,767","48,188",382.3,,,,,,,,,,,,,,,,,,
Pennsylvania,2010,"12,702,379","46,514",366.2,,,,,,,,,,,,,,,,,,
Pennsylvania,2011,"12,743,948","46,189",362.4,,,,,,,,,,,,,,,,,,
Pennsylvania,2012,"12,763,536","44,503",348.7,,,,,,,,,,,,,,,,,,
Pennsylvania,2013,"12,781,296","42,825",335.1,,,,,,,,,,,,,,,,,,
Pennsylvania,2014,"12,787,209","40,164",314.1,,,,,,,,,,,,,,,,,,
Pennsylvania,2015,"12,791,904","40,348",315.4,,,,,,,,,,,,,,,,,,
Pennsylvania,2016,"12,784,227","40,447",316.4,,,,,,,,,,,,,,,,,,
Pennsylvania,2017,"12,790,447","40,030",313,,,,,,,,,,,,,,,,,,
Pennsylvania,2018,"12,807,060","39,192",306,,,,,,,,,,,,,,,,,,
Illinois,2007,"12,852,548","68,528",533.2,,,,,,,,,,,,,,,,,,
Illinois,2008,"12,901,563","67,780",525.4,,,,,,,,,,,,,,,,,,
Illinois,2009,"12,910,409","64,185",497.2,,,,,,,,,,,,,,,,,,
Illinois,2010,"12,830,632","55,835",435.2,,,,,,,,,,,,,,,,,,
Illinois,2011,"12,859,752","54,523",424,,,,,,,,,,,,,,,,,,
Illinois,2012,"12,875,255","53,403",414.8,,,,,,,,,,,,,,,,,,
Illinois,2013,"12,890,552","51,956",403.1,,,,,,,,,,,,,,,,,,
Illinois,2014,"12,880,580","47,663",370,,,,,,,,,,,,,,,,,,
Illinois,2015,"12,839,047","49,755",387.5,,,,,,,,,,,,,,,,,,
Illinois,2016,"12,801,539","55,854",436.3,,,,,,,,,,,,,,,,,,
Illinois,2017,"12,786,196","55,777",436.2,,,,,,,,,,,,,,,,,,
Illinois,2018,"12,741,080","51,490",404.1,,,,,,,,,,,,,,,,,,
Indiana,2007,"6,345,289","21,165",333.6,,,,,,,,,,,,,,,,,,
Indiana,2008,"6,376,792","21,283",333.8,,,,,,,,,,,,,,,,,,
Indiana,2009,"6,423,113","21,455",334,,,,,,,,,,,,,,,,,,
Indiana,2010,"6,483,802","20,389",314.5,,,,,,,,,,,,,,,,,,
Indiana,2011,"6,516,353","21,619",331.8,,,,,,,,,,,,,,,,,,
Indiana,2012,"6,537,334","22,602",345.7,,,,,,,,,,,,,,,,,,
Indiana,2013,"6,570,713","23,627",359.6,,,,,,,,,,,,,,,,,,
Indiana,2014,"6,596,855","24,099",365.3,,,,,,,,,,,,,,,,,,
Indiana,2015,"6,612,768","25,373",383.7,,,,,,,,,,,,,,,,,,
Indiana,2016,"6,633,053","26,845",404.7,,,,,,,,,,,,,,,,,,
Indiana,2017,"6,660,082","26,307",395,,,,,,,,,,,,,,,,,,
Indiana,2018,"6,691,878","25,581",382.3,,,,,,,,,,,,,,,,,,
Michigan,2007,"10,071,822","53,988",536,,,,,,,,,,,,,,,,,,
Michigan,2008,"10,003,422","50,166",501.5,,,,,,,,,,,,,,,,,,
Michigan,2009,"9,969,727","49,825",499.8,,,,,,,,,,,,,,,,,,
Michigan,2010,"9,883,640","48,460",490.3,,,,,,,,,,,,,,,,,,
Michigan,2011,"9,876,801","43,731",442.8,,,,,,,,,,,,,,,,,,
Michigan,2012,"9,883,360","44,922",454.5,,,,,,,,,,,,,,,,,,
Michigan,2013,"9,898,193","44,757",452.2,,,,,,,,,,,,,,,,,,
Michigan,2014,"9,909,877","42,348",427.3,,,,,,,,,,,,,,,,,,
Michigan,2015,"9,917,715","41,712",420.6,,,,,,,,,,,,,,,,,,
Michigan,2016,"9,928,300","45,572",459,,,,,,,,,,,,,,,,,,
Michigan,2017,"9,976,447","44,883",449.9,,,,,,,,,,,,,,,,,,
Michigan,2018,"9,995,915","44,918",449.4,,,,,,,,,,,,,,,,,,
Ohio,2007,"11,466,917","39,360",343.2,,,,,,,,,,,,,,,,,,
Ohio,2008,"11,485,910","39,997",348.2,,,,,,,,,,,,,,,,,,
Ohio,2009,"11,542,645","38,305",331.9,,,,,,,,,,,,,,,,,,
Ohio,2010,"11,536,504","36,366",315.2,,,,,,,,,,,,,,,,,,
Ohio,2011,"11,541,007","35,218",305.2,,,,,,,,,,,,,,,,,,
Ohio,2012,"11,544,225","34,595",299.7,,,,,,,,,,,,,,,,,,
Ohio,2013,"11,572,005","33,722",291.4,,,,,,,,,,,,,,,,,,
Ohio,2014,"11,594,163","33,030",284.9,,,,,,,,,,,,,,,,,,
Ohio,2015,"11,605,090","34,373",296.2,,,,,,,,,,,,,,,,,,
Ohio,2016,"11,614,373","34,877",300.3,,,,,,,,,,,,,,,,,,
Ohio,2017,"11,664,129","34,621",296.8,,,,,,,,,,,,,,,,,,
Ohio,2018,"11,689,442","32,723",279.9,,,,,,,,,,,,,,,,,,
Wisconsin,2007,"5,601,640","16,296",290.9,,,,,,,,,,,,,,,,,,
Wisconsin,2008,"5,627,967","15,421",274,,,,,,,,,,,,,,,,,,
Wisconsin,2009,"5,654,774","14,650",259.1,,,,,,,,,,,,,,,,,,
Wisconsin,2010,"5,686,986","14,142",248.7,,,,,,,,,,,,,,,,,,
Wisconsin,2011,"5,709,843","14,268",249.9,,,,,,,,,,,,,,,,,,
Wisconsin,2012,"5,726,398","16,064",280.5,,,,,,,,,,,,,,,,,,
Wisconsin,2013,"5,742,953","16,118",280.7,,,,,,,,,,,,,,,,,, 
Wisconsin,2014,"5,757,564","16,714",290.3,,,,,,,,,,,,,,,,,,
Wisconsin,2015,"5,767,891","17,549",304.3,,,,,,,,,,,,,,,,,,
Wisconsin,2016,"5,778,708","17,679",305.9,,,,,,,,,,,,,,,,,,
Wisconsin,2017,"5,792,051","18,638",321.8,,,,,,,,,,,,,,,,,, 
Wisconsin,2018,"5,813,568","17,176",295.4,,,,,,,,,,,,,,,,,,
Iowa,2007,"2,988,046","8,805",294.7,,,,,,,,,,,,,,,,,,
Iowa,2008,"3,002,555","8,520",283.8,,,,,,,,,,,,,,,,,,
Iowa,2009,"3,007,856","8,485",282.1,,,,,,,,,,,,,,,,,,
Iowa,2010,"3,046,355","8,333",273.5,,,,,,,,,,,,,,,,,,
Iowa,2011,"3,064,097","7,883",257.3,,,,,,,,,,,,,,,,,,
Iowa,2012,"3,074,186","8,112",263.9,,,,,,,,,,,,,,,,,,
Iowa,2013,"3,092,341","8,443",273,,,,,,,,,,,,,,,,,,
Iowa,2014,"3,107,126","8,497",273.5,,,,,,,,,,,,,,,,,,
Iowa,2015,"3,121,997","8,619",276.1,,,,,,,,,,,,,,,,,,
Iowa,2016,"3,134,693","9,110",290.6,,,,,,,,,,,,,,,,,,
Iowa,2017,"3,143,637","9,038",287.5,,,,,,,,,,,,,,,,,,
Iowa,2018,"3,156,145","7,893",250.1,,,,,,,,,,,,,,,,,,
Kansas,2007,"2,775,997","12,566",452.7,,,,,,,,,,,,,,,,,,
Kansas,2008,"2,802,134","11,505",410.6,,,,,,,,,,,,,,,,,,
Kansas,2009,"2,818,747","11,460",406.6,,,,,,,,,,,,,,,,,,
Kansas,2010,"2,853,118","10,531",369.1,,,,,,,,,,,,,,,,,,
Kansas,2011,"2,870,386","10,209",355.7,,,,,,,,,,,,,,,,,,
Kansas,2012,"2,885,905","10,232",354.6,,,,,,,,,,,,,,,,,,
Kansas,2013,"2,895,801","9,928",342.8,,,,,,,,,,,,,,,,,,
Kansas,2014,"2,904,021","10,123",348.6,,,,,,,,,,,,,,,,,,
Kansas,2015,"2,906,721","11,483",395,,,,,,,,,,,,,,,,,,
Kansas,2016,"2,907,289","11,060",380.4,,,,,,,,,,,,,,,,,,
Kansas,2017,"2,910,689","11,654",400.4,,,,,,,,,,,,,,,,,,
Kansas,2018,"2,911,505","12,782",439,,,,,,,,,,,,,,,,,,
Minnesota,2007,"5,197,621","15,003",288.7,,,,,,,,,,,,,,,,,,
Minnesota,2008,"5,220,393","13,717",262.8,,,,,,,,,,,,,,,,,,
Minnesota,2009,"5,266,214","12,874",244.5,,,,,,,,,,,,,,,,,,
Minnesota,2010,"5,303,925","12,515",236,,,,,,,,,,,,,,,,,,
Minnesota,2011,"5,347,299","12,323",230.5,,,,,,,,,,,,,,,,,,
Minnesota,2012,"5,379,139","12,419",230.9,,,,,,,,,,,,,,,,,,
Minnesota,2013,"5,422,060","12,710",234.4,,,,,,,,,,,,,,,,,,
Minnesota,2014,"5,457,173","12,505",229.1,,,,,,,,,,,,,,,,,,
Minnesota,2015,"5,482,435","13,319",242.9,,,,,,,,,,,,,,,,,,
Minnesota,2016,"5,519,952","13,394",242.6,,,,,,,,,,,,,,,,,,
Minnesota,2017,"5,568,155","13,345",239.7,,,,,,,,,,,,,,,,,,
Minnesota,2018,"5,611,179","12,369",220.4,,,,,,,,,,,,,,,,,,
Missouri,2007,"5,878,415","29,682",504.9,,,,,,,,,,,,,,,,,,
Missouri,2008,"5,911,605","29,819",504.4,,,,,,,,,,,,,,,,,,
Missouri,2009,"5,987,580","29,513",492.9,,,,,,,,,,,,,,,,,,
Missouri,2010,"5,988,927","27,252",455,,,,,,,,,,,,,,,,,,
Missouri,2011,"6,008,984","26,888",447.5,,,,,,,,,,,,,,,,,,
Missouri,2012,"6,021,988","27,155",450.9,,,,,,,,,,,,,,,,,,
Missouri,2013,"6,044,917","26,216",433.7,,,,,,,,,,,,,,,,,,
Missouri,2014,"6,063,589","26,856",442.9,,,,,,,,,,,,,,,,,,
Missouri,2015,"6,076,204","30,292",498.5,,,,,,,,,,,,,,,,,,
Missouri,2016,"6,093,000","31,644",519.4,,,,,,,,,,,,,,,,,,
Missouri,2017,"6,108,612","32,450",531.2,,,,,,,,,,,,,,,,,,
Missouri,2018,"6,126,452","30,758",502.1,,,,,,,,,,,,,,,,,,
Nebraska,2007,"1,774,571","5,367",302.4,,,,,,,,,,,,,,,,,,
Nebraska,2008,"1,783,432","5,416",303.7,,,,,,,,,,,,,,,,,,
Nebraska,2009,"1,796,619","5,199",289.4,,,,,,,,,,,,,,,,,,
Nebraska,2010,"1,826,341","5,104",279.5,,,,,,,,,,,,,,,,,,
Nebraska,2011,"1,842,234","4,672",253.6,,,,,,,,,,,,,,,,,,
Nebraska,2012,"1,855,525","4,814",259.4,,,,,,,,,,,,,,,,,,
Nebraska,2013,"1,868,969","4,949",264.8,,,,,,,,,,,,,,,,,,
Nebraska,2014,"1,881,503","5,275",280.4,,,,,,,,,,,,,,,,,,
Nebraska,2015,"1,893,765","5,167",272.8,,,,,,,,,,,,,,,,,,
Nebraska,2016,"1,907,116","5,550",291,,,,,,,,,,,,,,,,,,
Nebraska,2017,"1,917,575","5,979",311.8,,,,,,,,,,,,,,,,,,
Nebraska,2018,"1,929,268","5,494",284.8,,,,,,,,,,,,,,,,,,
NorthDakota,2007,"639,715",911,142.4,,,,,,,,,,,,,,,,,,
NorthDakota,2008,"641,481","1,068",166.5,,,,,,,,,,,,,,,,,,
NorthDakota,2009,"646,844","1,723",266.4,,,,,,,,,,,,,,,,,,
NorthDakota,2010,"672,591","1,513",225,,,,,,,,,,,,,,,,,,
NorthDakota,2011,"684,740","1,699",248.1,,,,,,,,,,,,,,,,,,
NorthDakota,2012,"699,628","1,712",244.7,,,,,,,,,,,,,,,,,,
NorthDakota,2013,"723,857","1,979",273.4,,,,,,,,,,,,,,,,,,
NorthDakota,2014,"739,482","1,960",265.1,,,,,,,,,,,,,,,,,,
NorthDakota,2015,"756,835","1,949",257.5,,,,,,,,,,,,,,,,,,
NorthDakota,2016,"757,952","1,903",251.1,,,,,,,,,,,,,,,,,,
NorthDakota,2017,"755,176","2,133",282.5,,,,,,,,,,,,,,,,,,
NorthDakota,2018,"760,077","2,133",280.6,,,,,,,,,,,,,,,,,,
SouthDakota,2007,"796,214","1,347",169.2,,,,,,,,,,,,,,,,,,
SouthDakota,2008,"804,194","1,620",201.4,,,,,,,,,,,,,,,,,,
SouthDakota,2009,"812,383","1,777",218.7,,,,,,,,,,,,,,,,,,
SouthDakota,2010,"814,180","2,186",268.5,,,,,,,,,,,,,,,,,,
SouthDakota,2011,"823,593","2,105",255.6,,,,,,,,,,,,,,,,,,
SouthDakota,2012,"833,354","2,682",321.8,,,,,,,,,,,,,,,,,,
SouthDakota,2013,"845,510","2,733",323.2,,,,,,,,,,,,,,,,,,
SouthDakota,2014,"853,175","2,786",326.5,,,,,,,,,,,,,,,,,,
SouthDakota,2015,"857,919","3,302",384.9,,,,,,,,,,,,,,,,,,
SouthDakota,2016,"865,454","3,621",418.4,,,,,,,,,,,,,,,,,,
SouthDakota,2017,"873,286","3,753",429.8,,,,,,,,,,,,,,,,,,
SouthDakota,2018,"882,235","3,570",404.7,,,,,,,,,,,,,,,,,,
Delaware,2007,"864,764","5,960",689.2,,,,,,,,,,,,,,,,,,
Delaware,2008,"873,092","6,141",703.4,,,,,,,,,,,,,,,,,,
Delaware,2009,"885,122","5,713",645.4,,,,,,,,,,,,,,,,,,
Delaware,2010,"897,934","5,575",620.9,,,,,,,,,,,,,,,,,,
Delaware,2011,"908,137","5,144",566.4,,,,,,,,,,,,,,,,,,
Delaware,2012,"917,092","5,020",547.4,,,,,,,,,,,,,,,,,,
Delaware,2013,"925,240","4,633",500.7,,,,,,,,,,,,,,,,,,
Delaware,2014,"935,614","4,576",489.1,,,,,,,,,,,,,,,,,,
Delaware,2015,"944,076","4,760",504.2,,,,,,,,,,,,,,,,,,
Delaware,2016,"952,065","4,844",508.8,,,,,,,,,,,,,,,,,,
Delaware,2017,"957,078","4,377",457.3,,,,,,,,,,,,,,,,,,
Delaware,2018,"967,171","4,097",423.6,,,,,,,,,,,,,,,,,,
Florida,2007,"18,251,243","131,880",722.6,,,,,,,,,,,,,,,,,,
Florida,2008,"18,328,340","126,265",688.9,,,,,,,,,,,,,,,,,,
Florida,2009,"18,537,969","113,541",612.5,,,,,,,,,,,,,,,,,,
Florida,2010,"18,801,310","101,969",542.4,,,,,,,,,,,,,,,,,,
Florida,2011,"19,082,262","98,198",514.6,,,,,,,,,,,,,,,,,,
Florida,2012,"19,317,568","94,087",487.1,,,,,,,,,,,,,,,,,,
Florida,2013,"19,600,311","91,993",469.3,,,,,,,,,,,,,,,,,,
Florida,2014,"19,893,297","107,521",540.5,,,,,,,,,,,,,,,,,,
Florida,2015,"20,244,914","93,625",462.5,,,,,,,,,,,,,,,,,,
Florida,2016,"20,612,439","88,700",430.3,,,,,,,,,,,,,,,,,,
Florida,2017,"20,976,812","85,606",408.1,,,,,,,,,,,,,,,,,,
Florida,2018,"21,299,325","81,980",384.9,,,,,,,,,,,,,,,,,,
Georgia,2007,"9,544,750","47,075",493.2,,,,,,,,,,,,,,,,,,
Georgia,2008,"9,685,744","46,384",478.9,,,,,,,,,,,,,,,,,,
Georgia,2009,"9,829,211","42,073",428,,,,,,,,,,,,,,,,,,
Georgia,2010,"9,687,653","39,072",403.3,,,,,,,,,,,,,,,,,,
Georgia,2011,"9,812,460","36,762",374.6,,,,,,,,,,,,,,,,,,
Georgia,2012,"9,919,945","37,591",378.9,,,,,,,,,,,,,,,,,,
Georgia,2013,"9,994,759","37,519",375.4,,,,,,,,,,,,,,,,,,
Georgia,2014,"10,097,343","38,097",377.3,,,,,,,,,,,,,,,,,,
Georgia,2015,"10,199,398","38,891",381.3,,,,,,,,,,,,,,,,,,
Georgia,2016,"10,310,371","40,990",397.6,,,,,,,,,,,,,,,,,,
Georgia,2017,"10,413,055","37,118",356.5,,,,,,,,,,,,,,,,,,
Georgia,2018,"10,519,475","34,355",326.6,,,,,,,,,,,,,,,,,,
Maryland,2007,"5,618,344","36,062",641.9,,,,,,,,,,,,,,,,,,
Maryland,2008,"5,633,597","35,393",628.2,,,,,,,,,,,,,,,,,,
Maryland,2009,"5,699,478","33,625",590,,,,,,,,,,,,,,,,,,
Maryland,2010,"5,773,552","31,620",547.7,,,,,,,,,,,,,,,,,,
Maryland,2011,"5,839,572","28,817",493.5,,,,,,,,,,,,,,,,,,
Maryland,2012,"5,884,563","28,055",476.8,,,,,,,,,,,,,,,,,,
Maryland,2013,"5,938,737","28,235",475.4,,,,,,,,,,,,,,,,,,
Maryland,2014,"5,976,407","26,661",446.1,,,,,,,,,,,,,,,,,,
Maryland,2015,"5,994,983","28,185",470.1,,,,,,,,,,,,,,,,,,
Maryland,2016,"6,016,447","28,400",472,,,,,,,,,,,,,,,,,,
Maryland,2017,"6,024,891","30,321",503.3,,,,,,,,,,,,,,,,,,
Maryland,2018,"6,042,718","28,320",468.7,,,,,,,,,,,,,,,,,,
NorthCarolina,2007,"9,061,032","42,262",466.4,,,,,,,,,,,,,,,,,,
NorthCarolina,2008,"9,222,414","43,099",467.3,,,,,,,,,,,,,,,,,,
NorthCarolina,2009,"9,380,884","37,946",404.5,,,,,,,,,,,,,,,,,,
NorthCarolina,2010,"9,535,483","34,653",363.4,,,,,,,,,,,,,,,,,,
NorthCarolina,2011,"9,651,103","33,421",346.3,,,,,,,,,,,,,,,,,,
NorthCarolina,2012,"9,752,073","34,464",353.4,,,,,,,,,,,,,,,,,,
NorthCarolina,2013,"9,848,917","33,587",341,,,,,,,,,,,,,,,,,,
NorthCarolina,2014,"9,943,964","32,767",329.5,,,,,,,,,,,,,,,,,,
NorthCarolina,2015,"10,035,186","34,734",346.1,,,,,,,,,,,,,,,,,,
NorthCarolina,2016,"10,146,788","37,769",372.2,,,,,,,,,,,,,,,,,,
NorthCarolina,2017,"10,270,800","38,043",370.4,,,,,,,,,,,,,,,,,,
NorthCarolina,2018,"10,383,620","39,210",377.6,,,,,,,,,,,,,,,,,,
SouthCarolina,2007,"4,407,709","34,746",788.3,,,,,,,,,,,,,,,,,,
SouthCarolina,2008,"4,479,800","32,691",729.7,,,,,,,,,,,,,,,,,,
SouthCarolina,2009,"4,561,242","30,799",675.2,,,,,,,,,,,,,,,,,,
SouthCarolina,2010,"4,625,364","27,648",597.7,,,,,,,,,,,,,,,,,,
SouthCarolina,2011,"4,673,348","27,894",596.9,,,,,,,,,,,,,,,,,,
SouthCarolina,2012,"4,723,723","26,397",558.8,,,,,,,,,,,,,,,,,,
SouthCarolina,2013,"4,771,929","24,263",508.5,,,,,,,,,,,,,,,,,,
SouthCarolina,2014,"4,832,482","24,052",497.7,,,,,,,,,,,,,,,,,,
SouthCarolina,2015,"4,894,834","24,448",499.5,,,,,,,,,,,,,,,,,,
SouthCarolina,2016,"4,961,119","24,896",501.8,,,,,,,,,,,,,,,,,,
SouthCarolina,2017,"5,021,219","25,412",506.1,,,,,,,,,,,,,,,,,,
SouthCarolina,2018,"5,084,127","24,825",488.3,,,,,,,,,,,,,,,,,,
Virginia,2007,"7,712,091","20,798",269.7,,,,,,,,,,,,,,,,,,
Virginia,2008,"7,769,089","19,882",255.9,,,,,,,,,,,,,,,,,,
Virginia,2009,"7,882,590","18,195",230.8,,,,,,,,,,,,,,,,,,
Virginia,2010,"8,001,024","17,087",213.6,,,,,,,,,,,,,,,,,,
Virginia,2011,"8,104,384","16,014",197.6,,,,,,,,,,,,,,,,,,
Virginia,2012,"8,185,867","15,564",190.1,,,,,,,,,,,,,,,,,,
Virginia,2013,"8,270,345","16,355",197.8,,,,,,,,,,,,,,,,,,
Virginia,2014,"8,326,289","16,340",196.2,,,,,,,,,,,,,,,,,,
Virginia,2015,"8,367,587","16,705",199.6,,,,,,,,,,,,,,,,,,
Virginia,2016,"8,411,808","18,302",217.6,,,,,,,,,,,,,,,,,,
Virginia,2017,"8,465,207","17,811",210.4,,,,,,,,,,,,,,,,,,
Virginia,2018,"8,517,685","17,032",200,,,,,,,,,,,,,,,,,,
WestVirginia,2007,"1,812,035","4,987",275.2,,,,,,,,,,,,,,,,,,
WestVirginia,2008,"1,814,468","4,968",273.8,,,,,,,,,,,,,,,,,,
WestVirginia,2009,"1,819,777","5,554",305.2,,,,,,,,,,,,,,,,,,
WestVirginia,2010,"1,852,994","5,830",314.6,,,,,,,,,,,,,,,,,,
WestVirginia,2011,"1,854,908","5,497",296.3,,,,,,,,,,,,,,,,,,
WestVirginia,2012,"1,855,413","5,869",316.3,,,,,,,,,,,,,,,,,,
WestVirginia,2013,"1,853,595","5,657",305.2,,,,,,,,,,,,,,,,,,
WestVirginia,2014,"1,850,326","5,588",302,,,,,,,,,,,,,,,,,,
WestVirginia,2015,"1,841,053","6,397",347.5,,,,,,,,,,,,,,,,,,
WestVirginia,2016,"1,831,102","6,557",358.1,,,,,,,,,,,,,,,,,,
WestVirginia,2017,"1,817,048","6,564",361.2,,,,,,,,,,,,,,,,,,
WestVirginia,2018,"1,805,832","5,236",289.9,,,,,,,,,,,,,,,,,,
Alabama,2007,"4,627,851","20,732",448,,,,,,,,,,,,,,,,,,
Alabama,2008,"4,661,900","21,111",452.8,,,,,,,,,,,,,,,,,,
Alabama,2009,"4,708,708","21,194",450.1,,,,,,,,,,,,,,,,,,
Alabama,2010,"4,779,736","18,056",377.8,,,,,,,,,,,,,,,,,,
Alabama,2011,"4,803,689","20,166",419.8,,,,,,,,,,,,,,,,,,
Alabama,2012,"4,822,023","21,693",449.9,,,,,,,,,,,,,,,,,,
Alabama,2013,"4,833,996","20,834",431,,,,,,,,,,,,,,,,,,
Alabama,2014,"4,849,377","20,727",427.4,,,,,,,,,,,,,,,,,,
Alabama,2015,"4,853,875","22,957",473,,,,,,,,,,,,,,,,,,
Alabama,2016,"4,863,300","25,886",532.3,,,,,,,,,,,,,,,,,,
Alabama,2017,"4,875,120","25,469",522.4,,,,,,,,,,,,,,,,,,
Alabama,2018,"4,887,871","25,399",519.6,,,,,,,,,,,,,,,,,,
Kentucky,2007,"4,241,474","12,513",295,,,,,,,,,,,,,,,,,,
Kentucky,2008,"4,269,245","12,646",296.2,,,,,,,,,,,,,,,,,,
Kentucky,2009,"4,314,113","11,000",255,,,,,,,,,,,,,,,,,,
Kentucky,2010,"4,339,367","10,528",242.6,,,,,,,,,,,,,,,,,,
Kentucky,2011,"4,366,814","10,465",239.6,,,,,,,,,,,,,,,,,,
Kentucky,2012,"4,380,415","9,752",222.6,,,,,,,,,,,,,,,,,,
Kentucky,2013,"4,399,583","9,280",210.9,,,,,,,,,,,,,,,,,,
Kentucky,2014,"4,413,457","9,340",211.6,,,,,,,,,,,,,,,,,,
Kentucky,2015,"4,424,611","9,887",223.5,,,,,,,,,,,,,,,,,,
Kentucky,2016,"4,436,974","10,308",232.3,,,,,,,,,,,,,,,,,,
Kentucky,2017,"4,453,874","10,292",231.1,,,,,,,,,,,,,,,,,,
Kentucky,2018,"4,468,402","9,467",211.9,,,,,,,,,,,,,,,,,,
Mississippi,2007,"2,918,785","8,502",291.3,,,,,,,,,,,,,,,,,,
Mississippi,2008,"2,938,618","8,373",284.9,,,,,,,,,,,,,,,,,,
Mississippi,2009,"2,951,996","8,451",286.3,,,,,,,,,,,,,,,,,,
Mississippi,2010,"2,967,297","8,003",269.7,,,,,,,,,,,,,,,,,,
Mississippi,2011,"2,977,457","8,009",269,,,,,,,,,,,,,,,,,,
Mississippi,2012,"2,984,926","7,786",260.8,,,,,,,,,,,,,,,,,,
Mississippi,2013,"2,992,206","8,303",277.5,,,,,,,,,,,,,,,,,,
Mississippi,2014,"2,994,079","8,338",278.5,,,,,,,,,,,,,,,,,,
Mississippi,2015,"2,989,390","8,190",274,,,,,,,,,,,,,,,,,,
Mississippi,2016,"2,988,726","8,383",280.5,,,,,,,,,,,,,,,,,,
Mississippi,2017,"2,989,663","7,661",256.2,,,,,,,,,,,,,,,,,,
Mississippi,2018,"2,986,530","6,999",234.4,,,,,,,,,,,,,,,,,,
Tennessee,2007,"6,156,719","46,380",753.3,,,,,,,,,,,,,,,,,,
Tennessee,2008,"6,214,888","44,897",722.4,,,,,,,,,,,,,,,,,,
Tennessee,2009,"6,296,254","41,933",666,,,,,,,,,,,,,,,,,,
Tennessee,2010,"6,346,105","38,921",613.3,,,,,,,,,,,,,,,,,,
Tennessee,2011,"6,399,787","38,895",607.8,,,,,,,,,,,,,,,,,,
Tennessee,2012,"6,456,243","41,550",643.6,,,,,,,,,,,,,,,,,,
Tennessee,2013,"6,497,269","38,063",585.8,,,,,,,,,,,,,,,,,,
Tennessee,2014,"6,549,352","39,848",608.4,,,,,,,,,,,,,,,,,,
Tennessee,2015,"6,595,056","40,816",618.9,,,,,,,,,,,,,,,,,,
Tennessee,2016,"6,651,194","42,097",632.9,,,,,,,,,,,,,,,,,,
Tennessee,2017,"6,708,794","43,940",655,,,,,,,,,,,,,,,,,,
Tennessee,2018,"6,770,010","42,226",623.7,,,,,,,,,,,,,,,,,,
Arkansas,2007,"2,834,797","15,007",529.4,,,,,,,,,,,,,,,,,,
Arkansas,2008,"2,855,390","14,374",503.4,,,,,,,,,,,,,,,,,,
Arkansas,2009,"2,889,450","14,905",515.8,,,,,,,,,,,,,,,,,,
Arkansas,2010,"2,915,918","14,735",505.3,,,,,,,,,,,,,,,,,,
Arkansas,2011,"2,938,582","14,173",482.3,,,,,,,,,,,,,,,,,,
Arkansas,2012,"2,949,131","13,835",469.1,,,,,,,,,,,,,,,,,,
Arkansas,2013,"2,958,765","13,705",463.2,,,,,,,,,,,,,,,,,,
Arkansas,2014,"2,966,369","14,243",480.1,,,,,,,,,,,,,,,,,,
Arkansas,2015,"2,977,853","15,769",529.5,,,,,,,,,,,,,,,,,,
Arkansas,2016,"2,988,248","16,461",550.9,,,,,,,,,,,,,,,,,,
Arkansas,2017,"3,002,997","16,996",566,,,,,,,,,,,,,,,,,,
Arkansas,2018,"3,013,825","16,384",543.6,,,,,,,,,,,,,,,,,,
Louisiana,2007,"4,293,204","31,317",729.5,,,,,,,,,,,,,,,,,,
Louisiana,2008,"4,410,796","28,944",656.2,,,,,,,,,,,,,,,,,,
Louisiana,2009,"4,492,076","28,878",642.9,,,,,,,,,,,,,,,,,,
Louisiana,2010,"4,533,372","24,886",549,,,,,,,,,,,,,,,,,,
Louisiana,2011,"4,574,766","25,373",554.6,,,,,,,,,,,,,,,,,,
Louisiana,2012,"4,601,893","22,868",496.9,,,,,,,,,,,,,,,,,,
Louisiana,2013,"4,629,284","24,127",521.2,,,,,,,,,,,,,,,,,,
Louisiana,2014,"4,649,676","23,934",514.7,,,,,,,,,,,,,,,,,,
Louisiana,2015,"4,668,960","25,202",539.8,,,,,,,,,,,,,,,,,,
Louisiana,2016,"4,681,666","26,502",566.1,,,,,,,,,,,,,,,,,,
Louisiana,2017,"4,670,818","25,986",556.3,,,,,,,,,,,,,,,,,,
Louisiana,2018,"4,659,978","25,049",537.5,,,,,,,,,,,,,,,,,,
Oklahoma,2007,"3,617,316","18,072",499.6,,,,,,,,,,,,,,,,,,
Oklahoma,2008,"3,642,361","19,184",526.7,,,,,,,,,,,,,,,,,,
Oklahoma,2009,"3,687,050","18,560",503.4,,,,,,,,,,,,,,,,,,
Oklahoma,2010,"3,751,351","17,987",479.5,,,,,,,,,,,,,,,,,,
Oklahoma,2011,"3,784,163","17,311",457.5,,,,,,,,,,,,,,,,,,
Oklahoma,2012,"3,814,820","17,902",469.3,,,,,,,,,,,,,,,,,,
Oklahoma,2013,"3,853,118","17,187",446.1,,,,,,,,,,,,,,,,,,
Oklahoma,2014,"3,878,051","15,744",406,,,,,,,,,,,,,,,,,,
Oklahoma,2015,"3,907,414","16,746",428.6,,,,,,,,,,,,,,,,,,
Oklahoma,2016,"3,923,561","17,648",449.8,,,,,,,,,,,,,,,,,,
Oklahoma,2017,"3,932,640","17,989",457.4,,,,,,,,,,,,,,,,,,
Oklahoma,2018,"3,943,079","18,380",466.1,,,,,,,,,,,,,,,,,,
Texas,2007,"23,904,380","122,054",510.6,,,,,,,,,,,,,,,,,,
Texas,2008,"24,326,974","123,564",507.9,,,,,,,,,,,,,,,,,,
Texas,2009,"24,782,302","121,684",491,,,,,,,,,,,,,,,,,,
Texas,2010,"25,145,561","113,231",450.3,,,,,,,,,,,,,,,,,,
Texas,2011,"25,631,778","104,734",408.6,,,,,,,,,,,,,,,,,,
Texas,2012,"26,059,203","106,476",408.6,,,,,,,,,,,,,,,,,,
Texas,2013,"26,505,637","108,757",410.3,,,,,,,,,,,,,,,,,,
Texas,2014,"26,956,958","109,414",405.9,,,,,,,,,,,,,,,,,,
Texas,2015,"27,429,639","113,193",412.7,,,,,,,,,,,,,,,,,,
Texas,2016,"27,862,596","121,042",434.4,,,,,,,,,,,,,,,,,,
Texas,2017,"28,322,717","123,984",437.8,,,,,,,,,,,,,,,,,,
Texas,2018,"28,701,845","117,927",410.9,,,,,,,,,,,,,,,,,,
Arizona,2007,"6,338,755","30,600",482.7,,,,,,,,,,,,,,,,,,
Arizona,2008,"6,500,180","29,059",447,,,,,,,,,,,,,,,,,,
Arizona,2009,"6,595,778","28,128",426.5,,,,,,,,,,,,,,,,,,
Arizona,2010,"6,392,017","26,085",408.1,,,,,,,,,,,,,,,,,,
Arizona,2011,"6,467,315","26,789",414.2,,,,,,,,,,,,,,,,,,
Arizona,2012,"6,553,255","28,108",428.9,,,,,,,,,,,,,,,,,,
Arizona,2013,"6,634,997","27,576",415.6,,,,,,,,,,,,,,,,,,
Arizona,2014,"6,731,484","26,916",399.9,,,,,,,,,,,,,,,,,,
Arizona,2015,"6,817,565","27,968",410.2,,,,,,,,,,,,,,,,,,
Arizona,2016,"6,931,071","32,583",470.1,,,,,,,,,,,,,,,,,,
Arizona,2017,"7,048,876","35,647",505.7,,,,,,,,,,,,,,,,,,
Arizona,2018,"7,171,646","34,058",474.9,,,,,,,,,,,,,,,,,,
Colorado,2007,"4,861,515","16,906",347.8,,,,,,,,,,,,,,,,,,
Colorado,2008,"4,939,456","16,946",343.1,,,,,,,,,,,,,,,,,,
Colorado,2009,"5,024,748","17,022",338.8,,,,,,,,,,,,,,,,,,
Colorado,2010,"5,029,196","16,133",320.8,,,,,,,,,,,,,,,,,,
Colorado,2011,"5,116,302","16,085",314.4,,,,,,,,,,,,,,,,,,
Colorado,2012,"5,187,582","16,023",308.9,,,,,,,,,,,,,,,,,,
Colorado,2013,"5,272,086","16,099",305.4,,,,,,,,,,,,,,,,,,
Colorado,2014,"5,355,866","16,554",309.1,,,,,,,,,,,,,,,,,,
Colorado,2015,"5,448,819","17,348",318.4,,,,,,,,,,,,,,,,,,
Colorado,2016,"5,540,545","18,983",342.6,,,,,,,,,,,,,,,,,,
Colorado,2017,"5,615,902","20,901",372.2,,,,,,,,,,,,,,,,,,
Colorado,2018,"5,695,564","22,624",397.2,,,,,,,,,,,,,,,,,,
Idaho,2007,"1,499,402","3,589",239.4,,,,,,,,,,,,,,,,,,
Idaho,2008,"1,523,816","3,483",228.6,,,,,,,,,,,,,,,,,,
Idaho,2009,"1,545,801","3,805",246.2,,,,,,,,,,,,,,,,,,
Idaho,2010,"1,567,582","3,465",221,,,,,,,,,,,,,,,,,,
Idaho,2011,"1,583,744","3,202",202.2,,,,,,,,,,,,,,,,,,
Idaho,2012,"1,595,728","3,318",207.9,,,,,,,,,,,,,,,,,,
Idaho,2013,"1,612,843","3,471",215.2,,,,,,,,,,,,,,,,,,
Idaho,2014,"1,634,464","3,468",212.2,,,,,,,,,,,,,,,,,,
Idaho,2015,"1,652,828","3,593",217.4,,,,,,,,,,,,,,,,,,
Idaho,2016,"1,683,140","3,876",230.3,,,,,,,,,,,,,,,,,,
Idaho,2017,"1,718,904","4,111",239.2,,,,,,,,,,,,,,,,,,
Idaho,2018,"1,754,208","3,983",227.1,,,,,,,,,,,,,,,,,,
Montana,2007,"957,861","2,754",287.5,,,,,,,,,,,,,,,,,,
Montana,2008,"968,035","2,918",301.4,,,,,,,,,,,,,,,,,,
Montana,2009,"974,989","2,798",287,,,,,,,,,,,,,,,,,,
Montana,2010,"989,415","2,693",272.2,,,,,,,,,,,,,,,,,,
Montana,2011,"997,667","2,755",276.1,,,,,,,,,,,,,,,,,,
Montana,2012,"1,005,141","2,736",272.2,,,,,,,,,,,,,,,,,,
Montana,2013,"1,014,864","2,924",288.1,,,,,,,,,,,,,,,,,,
Montana,2014,"1,023,579","3,313",323.7,,,,,,,,,,,,,,,,,,
Montana,2015,"1,032,073","3,647",353.4,,,,,,,,,,,,,,,,,,
Montana,2016,"1,042,520","3,840",368.3,,,,,,,,,,,,,,,,,,
Montana,2017,"1,053,090","3,937",373.9,,,,,,,,,,,,,,,,,,
Montana,2018,"1,062,305","3,974",374.1,,,,,,,,,,,,,,,,,,
Nevada,2007,"2,565,382","19,257",750.6,,,,,,,,,,,,,,,,,,
Nevada,2008,"2,600,167","18,837",724.5,,,,,,,,,,,,,,,,,,
Nevada,2009,"2,643,085","18,639",705.2,,,,,,,,,,,,,,,,,,
Nevada,2010,"2,700,551","17,841",660.6,,,,,,,,,,,,,,,,,,
Nevada,2011,"2,720,028","15,452",568.1,,,,,,,,,,,,,,,,,,
Nevada,2012,"2,758,931","16,763",607.6,,,,,,,,,,,,,,,,,,
Nevada,2013,"2,791,494","16,888",605,,,,,,,,,,,,,,,,,,
Nevada,2014,"2,839,099","18,045",635.6,,,,,,,,,,,,,,,,,,
Nevada,2015,"2,883,758","20,118",697.6,,,,,,,,,,,,,,,,,,
Nevada,2016,"2,940,058","19,936",678.1,,,,,,,,,,,,,,,,,,
Nevada,2017,"2,972,405","16,663",560.6,,,,,,,,,,,,,,,,,,
Nevada,2018,"3,034,392","16,420",541.1,,,,,,,,,,,,,,,,,,
NewMexico,2007,"1,969,915","13,085",664.2,,,,,,,,,,,,,,,,,,
NewMexico,2008,"1,984,356","12,896",649.9,,,,,,,,,,,,,,,,,,
NewMexico,2009,"2,009,671","12,709",632.4,,,,,,,,,,,,,,,,,,
NewMexico,2010,"2,059,179","12,126",588.9,,,,,,,,,,,,,,,,,,
NewMexico,2011,"2,078,674","11,904",572.7,,,,,,,,,,,,,,,,,,
NewMexico,2012,"2,085,538","11,660",559.1,,,,,,,,,,,,,,,,,,
NewMexico,2013,"2,086,895","12,990",622.5,,,,,,,,,,,,,,,,,,
NewMexico,2014,"2,085,572","12,459",597.4,,,,,,,,,,,,,,,,,,
NewMexico,2015,"2,080,328","13,672",657.2,,,,,,,,,,,,,,,,,,
NewMexico,2016,"2,081,015","14,619",702.5,,,,,,,,,,,,,,,,,,
NewMexico,2017,"2,093,395","16,300",778.6,,,,,,,,,,,,,,,,,,
NewMexico,2018,"2,095,428","17,949",856.6,,,,,,,,,,,,,,,,,,
Utah,2007,"2,645,330","6,210",234.8,,,,,,,,,,,,,,,,,,
Utah,2008,"2,736,424","6,070",221.8,,,,,,,,,,,,,,,,,,
Utah,2009,"2,784,572","5,998",215.4,,,,,,,,,,,,,,,,,,
Utah,2010,"2,763,885","5,879",212.7,,,,,,,,,,,,,,,,,,
Utah,2011,"2,814,347","5,547",197.1,,,,,,,,,,,,,,,,,,
Utah,2012,"2,855,287","5,876",205.8,,,,,,,,,,,,,,,,,,
Utah,2013,"2,902,787","6,644",228.9,,,,,,,,,,,,,,,,,,
Utah,2014,"2,942,902","6,346",215.6,,,,,,,,,,,,,,,,,,
Utah,2015,"2,990,632","7,138",238.7,,,,,,,,,,,,,,,,,,
Utah,2016,"3,051,217","7,407",242.8,,,,,,,,,,,,,,,,,,
Utah,2017,"3,103,118","7,515",242.2,,,,,,,,,,,,,,,,,,
Utah,2018,"3,161,105","7,368",233.1,,,,,,,,,,,,,,,,,,
Wyoming,2007,"522,830","1,251",239.3,,,,,,,,,,,,,,,,,,
Wyoming,2008,"532,668","1,236",232,,,,,,,,,,,,,,,,,,
Wyoming,2009,"544,270","1,196",219.7,,,,,,,,,,,,,,,,,,
Wyoming,2010,"563,626","1,104",195.9,,,,,,,,,,,,,,,,,,
Wyoming,2011,"567,356","1,245",219.4,,,,,,,,,,,,,,,,,,
Wyoming,2012,"576,412","1,161",201.4,,,,,,,,,,,,,,,,,,
Wyoming,2013,"583,223","1,212",207.8,,,,,,,,,,,,,,,,,,
Wyoming,2014,"584,153","1,142",195.5,,,,,,,,,,,,,,,,,,
Wyoming,2015,"586,555","1,300",221.6,,,,,,,,,,,,,,,,,,
Wyoming,2016,"585,501","1,430",244.2,,,,,,,,,,,,,,,,,,
Wyoming,2017,"578,934","1,358",234.6,,,,,,,,,,,,,,,,,,
Wyoming,2018,"577,737","1,226",212.2,,,,,,,,,,,,,,,,,,
Alaska,2007,"683,478","4,519",661.2,,,,,,,,,,,,,,,,,,
Alaska,2008,"686,293","4,474",651.9,,,,,,,,,,,,,,,,,,
Alaska,2009,"698,473","4,424",633.4,,,,,,,,,,,,,,,,,,
Alaska,2010,"710,231","4,537",638.8,,,,,,,,,,,,,,,,,,
Alaska,2011,"723,860","4,416",610.1,,,,,,,,,,,,,,,,,,
Alaska,2012,"731,449","4,412",603.2,,,,,,,,,,,,,,,,,,
Alaska,2013,"737,259","4,709",638.7,,,,,,,,,,,,,,,,,,
Alaska,2014,"736,732","4,684",635.8,,,,,,,,,,,,,,,,,,
Alaska,2015,"737,709","5,391",730.8,,,,,,,,,,,,,,,,,,
Alaska,2016,"741,894","5,966",804.2,,,,,,,,,,,,,,,,,,
Alaska,2017,"739,786","6,338",856.7,,,,,,,,,,,,,,,,,,
Alaska,2018,"737,438","6,526",885,,,,,,,,,,,,,,,,,,
California,2007,"36,553,215","191,025",522.6,,,,,,,,,,,,,,,,,,
California,2008,"36,756,666","185,173",503.8,,,,,,,,,,,,,,,,,,
California,2009,"36,961,664","174,934",473.3,,,,,,,,,,,,,,,,,,
California,2010,"37,253,956","164,133",440.6,,,,,,,,,,,,,,,,,,
California,2011,"37,683,933","154,943",411.2,,,,,,,,,,,,,,,,,,
California,2012,"38,041,430","160,944",423.1,,,,,,,,,,,,,,,,,,
California,2013,"38,431,393","154,739",402.6,,,,,,,,,,,,,,,,,,
California,2014,"38,802,500","153,709",396.1,,,,,,,,,,,,,,,,,,
California,2015,"38,993,940","166,883",428,,,,,,,,,,,,,,,,,,
California,2016,"39,250,017","174,796",445.3,,,,,,,,,,,,,,,,,,
California,2017,"39,399,349","178,597",453.3,,,,,,,,,,,,,,,,,,
California,2018,"39,557,045","176,982",447.4,,,,,,,,,,,,,,,,,,
Hawaii,2007,"1,283,388","3,501",272.8,,,,,,,,,,,,,,,,,,
Hawaii,2008,"1,288,198","3,512",272.6,,,,,,,,,,,,,,,,,,
Hawaii,2009,"1,295,178","3,550",274.1,,,,,,,,,,,,,,,,,,
Hawaii,2010,"1,360,301","3,574",262.7,,,,,,,,,,,,,,,,,,
Hawaii,2011,"1,378,129","3,465",251.4,,,,,,,,,,,,,,,,,,
Hawaii,2012,"1,392,313","3,330",239.2,,,,,,,,,,,,,,,,,,
Hawaii,2013,"1,408,987","3,585",254.4,,,,,,,,,,,,,,,,,,
Hawaii,2014,"1,419,561","3,680",259.2,,,,,,,,,,,,,,,,,,
Hawaii,2015,"1,425,157","3,530",247.7,,,,,,,,,,,,,,,,,,
Hawaii,2016,"1,428,557","4,417",309.2,,,,,,,,,,,,,,,,,,
Hawaii,2017,"1,424,203","3,577",251.2,,,,,,,,,,,,,,,,,,
Hawaii,2018,"1,420,491","3,532",248.6,,,,,,,,,,,,,,,,,,
Oregon,2007,"3,747,455","10,777",287.6,,,,,,,,,,,,,,,,,,
Oregon,2008,"3,790,060","9,747",257.2,,,,,,,,,,,,,,,,,,
Oregon,2009,"3,825,657","9,968",260.6,,,,,,,,,,,,,,,,,,
Oregon,2010,"3,831,074","9,655",252,,,,,,,,,,,,,,,,,,
Oregon,2011,"3,868,229","9,643",249.3,,,,,,,,,,,,,,,,,,
Oregon,2012,"3,899,353","9,653",247.6,,,,,,,,,,,,,,,,,,
Oregon,2013,"3,928,068","9,536",242.8,,,,,,,,,,,,,,,,,,
Oregon,2014,"3,970,239","9,224",232.3,,,,,,,,,,,,,,,,,,
Oregon,2015,"4,024,634","10,680",265.4,,,,,,,,,,,,,,,,,,
Oregon,2016,"4,093,465","10,830",264.6,,,,,,,,,,,,,,,,,,
Oregon,2017,"4,146,592","11,629",280.4,,,,,,,,,,,,,,,,,,
Oregon,2018,"4,190,713","11,966",285.5,,,,,,,,,,,,,,,,,,
Washington,2007,"6,468,424","21,546",333.1,,,,,,,,,,,,,,,,,,
Washington,2008,"6,549,224","21,691",331.2,,,,,,,,,,,,,,,,,,
Washington,2009,"6,664,195","22,412",336.3,,,,,,,,,,,,,,,,,,
Washington,2010,"6,724,540","21,101",313.8,,,,,,,,,,,,,,,,,,
Washington,2011,"6,823,267","20,152",295.3,,,,,,,,,,,,,,,,,,
Washington,2012,"6,897,012","20,386",295.6,,,,,,,,,,,,,,,,,,
Washington,2013,"6,973,742","20,223",290,,,,,,,,,,,,,,,,,,
Washington,2014,"7,061,530","20,136",285.2,,,,,,,,,,,,,,,,,,
Washington,2015,"7,160,290","20,505",286.4,,,,,,,,,,,,,,,,,,
Washington,2016,"7,288,000","22,023",302.2,,,,,,,,,,,,,,,,,,
Washington,2017,"7,425,432","22,483",302.8,,,,,,,,,,,,,,,,,,
Washington,2018,"7,535,591","23,472",311.5,,,,,,,,,,,,,,,,,,